id,content_type
zkRmPy9gvQy2,gameitem
3n7w2dQXrXRn,gameitem
AkKDGb2beZ5x,gameitem
LGvN79WLqgMG,gameitem
bwLVRQk5R3va,gameitem
YKLG2oYNr67v,gameitem
06pXbodR8QO6,gameitem
Xe8RAxGaw1nD,gameitem
497b7e6xKr3X,gameitem
z67dkN9Ovvv3,gameitem
7xWWqEe0Mzox,gameitem
zxYg7m2XZblw,gameitem
7ODB9wW3x2oa,gameitem
8gNEGjKL7Bal,gameitem
jRmXVqJ2mQ7l,gameitem
MpkxOV5jyjKn,gameitem
ojxPr4BM63mj,gameitem
Zpv1ZaoKNvq9,gameitem
8pP7qrPYkXLW,gameitem
Jepp85pE4XGe,gameitem
26vKb1jEadLG,gameitem
Er3dYpAwMM2q,gameitem
9kJRoDR8jKpk,gameitem
YZ4m2gm0lGVv,gameitem
zY0xKy22ddXY,gameitem
PW6ZVb9lRXqW,gameitem
0BnoePG95pxO,gameitem
WbOY6a3O19Dy,gameitem
j4vOjmnpVerK,gameitem
kRpkAXZyQ23a,gameitem
ljO0LmbZvD6K,gameitem
JwkXvLp0EZva,gameitem
vZk39jvQzM9Z,gameitem
m8XGVyvLkVYp,gameitem
EjLVR56lr4lM,gameitem
qBd0PRyMzmMB,gameitem
MJZamLAm57rl,gameitem
EBmg8jNJbMno,gameitem
VGgYbyNbKdM7,gameitem
DX2DNPyKrNKa,gameitem
d7lgdz4oPgl1,gameitem
RLdqW69r7bE1,gameitem
Ve85gZqN7xWP,gameitem
d4vmLRyjlBan,gameitem
5bZgRvDEP4gW,gameitem
a5kwLWep9o25,gameitem
JAN8JyBqpn16,gameitem
N18lXoxOYy71,gameitem
VWbqXpKnEkd0,gameitem
8gBKJO6dY4pn,gameitem
vrM3Bwyld3lO,gameitem
meXJYBZ0xvWn,gameitem
4MqEgGj8xWjM,gameitem
jXPoGgOWJywl,gameitem
a5kAJVl1W2py,gameitem
m47WK0NrBvz4,gameitem
bz7mEQa09nbL,gameitem
k5QA0QopjpV5,gameitem
BYDaDR3b0EQo,gameitem
LXEzKxYq3End,gameitem
8YQ6PLvlroD2,gameitem
3m3qy5GPk3ej,gameitem
O0ZmqLzYYEjN,gameitem
RzDyKRdj4ldr,gameitem
4Dv1Mn51mM48,gameitem
an9Mgpl0306n,gameitem
xYmoJAa984yM,gameitem
3x5oWAmrLLaQ,gameitem
4JayZ67rPn1J,gameitem
Oxj3P1Le7vr5,gameitem
OW6J2gbMdDPW,gameitem
VoeYdDRyzLBo,gameitem
8283onEpjp4a,gameitem
Xp9gabjk6MrA,gameitem
wAJxm4w9D7pl,gameitem
Bblw17DmXl7x,gameitem
yN8qQblOgbzm,gameitem